ISO3,Year,Weighted_Degree,Betweenness
AFG,1992,210090.41599999976,0
AGO,1992,11431930.253,0
ARE,1992,79418915.11700009,2.655657906493475e-4
ARG,1992,36059089.84699998,0
ATG,1992,101609.18700000005,0
AUS,1992,280519074.932,0.003487925238883713
AUT,1992,131368232.78700012,0
BDI,1992,221663.67000000027,0
BEN,1992,228925.84800000003,0
BFA,1992,302018.80799999996,0
BGD,1992,18699702.753000002,3.3930763383585e-4
BGR,1992,4687417.114999994,0
BHR,1992,3206287.983999998,0
BMU,1992,2190247.498000004,0
BOL,1992,1469056.95,0
BRA,1992,187687846.98700052,8.16149025442143e-4
BRB,1992,362679.03199999995,0
BRN,1992,13051605.465000011,1.556107243201932e-4
BTN,1992,8851.152999999995,0
CAF,1992,82294.96599999999,0
CAN,1992,1046023464.2330012,0.0029283327422826204
CCK,1992,3319.1710000000026,0
CHE,1992,442292869.9440008,0.005053282309948572
CHL,1992,67455575.85000014,5.630290476631624e-4
CHN,1992,523368921.86200154,0.00410915343828547
CIV,1992,4082699.849,0
CMR,1992,2509967.443000003,0
COL,1992,50571661.11600005,8.657696371519096e-4
COM,1992,63788.82499999996,0
CRI,1992,8981256.954999994,0
CUB,1992,3194276.676999996,0
CYM,1992,407613.4770000005,0
CYP,1992,14706578.95800005,2.911790377386185e-4
DEU,1992,2239953552.8219976,0.009757936402948813
DMA,1992,141812.7510000001,0
DNK,1992,226844887.89699984,0.0035047719276263736
DOM,1992,11696782.766000003,0
ECU,1992,21793047.119999953,1.6231043449190335e-4
ESP,1992,541416095.681,0.005724098111351314
FIN,1992,144174013.09500018,0.0017841718465534256
FLK,1992,12795.299000000005,0
FRA,1992,558116027.3869995,0
GAB,1992,5891642.36,0
GBR,1992,481429283.6559995,0
GHA,1992,2278976.1609999994,0
GIB,1992,129455.6590000001,0
GIN,1992,1418841.4790000003,0
GLP,1992,44142.141,0
GNB,1992,58184.43500000001,0
GRC,1992,111937636.2449999,0.0015645101515856684
GRD,1992,65535.636,0
GRL,1992,1621563.9219999993,0
GTM,1992,6709564.619999997,0
GUY,1992,2329390.0670000017,1.3606387802330924e-4
HND,1992,5100757.078,0
HTI,1992,577481.6059999998,0
HUN,1992,64256574.22700003,0.001081716775419015
IDN,1992,206332354.5190005,9.008645712537514e-4
IND,1992,129256337.34599988,0.001083850232077391
IRL,1992,146163042.92900002,0.0019103067698544847
IRQ,1992,201441.867,0
ISL,1992,3636431.5089999973,0
ISR,1992,31375165.00699998,0
ITA,1992,442295722.9189996,0
JAM,1992,11294699.206000034,3.4206589850296204e-4
JOR,1992,2276049.7130000032,0
JPN,1992,1918209080.7989976,0.008893371644868192
KEN,1992,7660226.533999997,2.62692752922825e-4
KWT,1992,9759212.261999996,0
LBN,1992,1149908.674000001,0
LBR,1992,1190877.8879999998,0
LBY,1992,17081617.01799999,0
LKA,1992,18833315.49199998,0.0017147530094225644
MAC,1992,6409136.414999999,0
MAR,1992,11419748.692000017,0
MDG,1992,2305326.8430000017,1.1668375331618994e-4
MDV,1992,272478.94299999985,0
MEX,1992,450624673.9980004,0.0016014628729036418
MLI,1992,741160.7040000001,0
MLT,1992,1779415.9229999995,0
MMR,1992,4863181.3950000005,1.9830557822474886e-4
MOZ,1992,908833.9890000008,0
MRT,1992,922574.5720000003,0
MTQ,1992,19338.92099999999,0
MUS,1992,1863450.358000001,0
MWI,1992,1349163.8029999998,0
MYS,1992,268555682.9210002,0.002292802781284924
NGA,1992,40445743.22899997,0
NIC,1992,918410.6520000008,0
NIU,1992,2666.8969999999995,0
NLD,1992,291168547.95700014,0
NOR,1992,74692969.41300005,0
NPL,1992,1628841.6380000012,0
NRU,1992,193716.33599999998,0
NZL,1992,68909063.12400034,0.00240541157109011
OMN,1992,28035381.242000006,6.615811146915099e-5
PAK,1992,17666521.466999967,0
PAN,1992,6911766.834999991,0
PER,1992,26350499.46999996,5.992729261460533e-4
PHL,1992,40522961.87500001,0
POL,1992,35835457.46299997,0
PRT,1992,174298984.59699956,0.0026630607605921037
PRY,1992,7739431.335999991,2.1455216466245797e-5
REU,1992,21381.816000000017,0
ROU,1992,7582559.209000007,0
RUS,1992,86198475.41999985,0
RWA,1992,160324.43399999995,0
SAU,1992,261633718.11099985,0.0013021884104982401
SEN,1992,898172.049,0
SGP,1992,155684422.1119997,0
SHN,1992,24434.889000000006,0
SLE,1992,578098.7990000002,0
SLV,1992,2252993.4930000007,0
STP,1992,14047.82200000001,0
SUR,1992,650251.6439999999,0
SWE,1992,337555456.4330009,0.005591866866798826
SYC,1992,114202.97199999997,0
SYR,1992,4794424.78999999,0
TCD,1992,299900.34199999983,0
TGO,1992,465694.0299999999,0
THA,1992,250199148.2470002,0.0017665268567061698
TKL,1992,9827.667,0
TON,1992,78498.73699999998,0
TTO,1992,10947264.917000018,3.0010452432596295e-4
TUN,1992,33360478.276000068,2.478998784115556e-4
TZA,1992,987121.5020000004,0
UGA,1992,386623.44599999976,0
UKR,1992,2496655.160000001,0
URY,1992,5022466.889000003,0
USA,1992,3509854263.7319927,0.012647126236915477
VEN,1992,45517557.764000006,0
VGB,1992,89366.99299999994,0
VNM,1992,7498523.619999994,0
YEM,1992,2849480.6690000035,0
ZMB,1992,3222317.6459999983,0
ZWE,1992,4053975.2049999963,0
ALB,1992,234342.22100000008,0
ESH,1992,19208.013999999996,0
FJI,1992,1125680.8049999992,0
GUF,1992,58662.693000000036,0
KHM,1992,669251.93,0
MNG,1992,417699.9050000002,0
PLW,1992,133774.00199999992,0
SOM,1992,289116.87499999994,0
SPM,1992,61274.453000000045,0
ZAF,1992,97835032.73200002,0.0022227643804222813
BIH,1992,765157.4750000002,0
BLR,1992,1097131.6379999996,0
BLZ,1992,1644917.0479999995,4.901536185544589e-5
COK,1992,22346.61000000002,0
CXR,1992,30166.833,0
DZA,1992,55631904.43699995,3.6915790683865934e-4
EST,1992,909426.8759999999,0
HRV,1992,20538689.706000034,1.386973358970997e-4
KGZ,1992,103799.11400000007,0
KIR,1992,4600.067999999998,0
LTU,1992,1592733.0710000007,0
LVA,1992,1497702.539,0
MDA,1992,110090.92200000005,0
MHL,1992,33156.723999999995,0
MNP,1992,6375.388999999997,0
MSR,1992,13710.900000000001,0
NCL,1992,949199.5989999997,0
NFK,1992,357.6479999999999,0
PNG,1992,5911553.305999993,0
PYF,1992,213898.17400000012,0
QAT,1992,11183614.020000014,0
SLB,1992,262012.30000000002,0
SVN,1992,10732733.999999996,0
TUV,1992,1873.4769999999996,0
VUT,1992,93124.34299999996,0
WSM,1992,156329.273,0
AND,1992,65068.633000000016,0
DJI,1992,19971.397,0
ABW,1992,823207.1270000003,0
PCN,1992,1433.0759999999998,0
AZE,1992,34690.15500000002,0
GEO,1992,92811.16599999997,0
GNQ,1992,90296.72300000004,0
KAZ,1992,1042993.1300000008,0
TJK,1992,69104.38200000001,0
TKM,1992,156635.36900000004,0
UZB,1992,377668.2400000001,0
ARM,1992,22354.712000000003,0
UMI,1992,182427.22300000003,0
MCO,1992,334.1480000000001,0
LCA,1992,1223308.452000001,0
ABW,2002,3950321.505022305,0
AFG,2002,288020.7597835705,0
AGO,2002,28280268.62172105,0
ALB,2002,7558288.9515725495,6.223979358844975e-5
AND,2002,272006.0721304473,0
ARE,2002,201725476.67155692,0.002170740312369398
ARG,2002,145828495.82105732,6.033633272466319e-4
ARM,2002,4920686.834943182,3.0379938048278334e-5
ASM,2002,155521.30514737443,0
ATG,2002,1230382.4914992063,0
AUS,2002,522437630.85427594,0.009907452759899765
AUT,2002,591300858.9123982,0.00699869178533796
AZE,2002,12947026.530745588,7.955368231797139e-5
BDI,2002,701215.7228985078,2.880889688879779e-5
BEL,2002,1460540075.4977713,0.006154598224648518
BEN,2002,4227098.842687404,1.927084541797733e-4
BFA,2002,3436057.7724538385,5.801330640639581e-5
BGD,2002,61879144.64884069,0.0015520001232072777
BGR,2002,50665337.27564439,0.001874717974559166
BHR,2002,9688732.585752597,0
BIH,2002,3739201.7470210325,0
BLR,2002,54763414.403124705,2.558337099376006e-4
BLZ,2002,2397540.6904940237,2.0292837757867582e-4
BMU,2002,509551.66867938155,0
BOL,2002,4582701.514633355,0
BRA,2002,462383668.50413585,0.0026258680826579785
BRB,2002,5819211.262481,4.502596796437611e-4
BRN,2002,18724265.05897084,2.1981382229019782e-5
BTN,2002,138486.3405239657,0
BVT,2002,27764.85664557502,0
BWA,2002,21277311.76043739,2.5043634149535715e-4
CAF,2002,980429.557841483,2.1140392908674242e-5
CAN,2002,2050596492.5169566,0.010556833544420406
CCK,2002,12693.524827944007,0
CHE,2002,773729298.436272,0.007505645205785304
CHL,2002,133679283.2534168,4.230583902959817e-4
CHN,2002,2496393347.966676,0.004715084840907964
CIV,2002,15728132.780956026,0
CMR,2002,15108730.32484891,4.4275912854374686e-4
COK,2002,34813.89324973611,0
COL,2002,102697932.46313031,0.0013862894685618954
COM,2002,270198.01651278173,7.444850376096536e-5
CRI,2002,63275284.479337536,5.583627493434087e-4
CUB,2002,22761034.72720207,4.242768126802855e-4
CXR,2002,129010.06152992006,0
CYM,2002,1125993.629847112,0
CYP,2002,20862100.220363695,0.0011323126654884123
CZE,2002,377242609.65631276,0.0031038876883130355
DEU,2002,4440876242.718556,0.014179065323250672
DJI,2002,116048.45846477045,0
DMA,2002,744223.6304348501,1.246655155823887e-4
DNK,2002,407977789.94056904,0.005134907072487464
DOM,2002,56623925.34757927,0.0011863929704750574
DZA,2002,111503476.80352841,2.2118681664674348e-4
ECU,2002,50977064.659234606,8.594968464426584e-4
ERI,2002,47243.14704773056,0
ESP,2002,1225236894.53694,0.008165670457964012
EST,2002,35810201.76028938,5.279921967001465e-4
FIN,2002,322575167.0336523,0.0019101282757343356
FJI,2002,5225523.285526991,3.700763627143702e-4
FLK,2002,360569.8304879593,0
FRA,2002,2585885470.56005,0.011865098310685279
GAB,2002,14039815.720809719,2.6534711717586647e-5
GBR,2002,2558688662.6826134,0.008563735733434557
GEO,2002,4722970.660362534,2.491850966287527e-4
GHA,2002,17782967.337533057,9.113921956877131e-4
GIB,2002,427338.2573133052,0
GIN,2002,5713463.997044932,2.3527198996560892e-4
GNQ,2002,7592564.59549617,0
GRC,2002,164860171.08850604,0.0022284622142743453
GRD,2002,1024342.0443251687,1.7319004647387015e-4
GTM,2002,48379379.48970702,6.112574341657671e-4
GUM,2002,126937.73120888606,0
GUY,2002,4204929.808297372,1.6339961777765748e-4
HMD,2002,2578.5037790765377,0
HND,2002,32177784.437923096,6.576604296594127e-4
HRV,2002,61291935.09937528,0.0014727209453668994
HTI,2002,1405431.5762405028,0
HUN,2002,311819219.982679,0.001622701401145927
IDN,2002,357217207.872698,0.005332015252851578
IND,2002,363047596.09256107,0.003969656064752497
IRL,2002,672031588.745314,0.0036537998628237605
IRQ,2002,32960948.437624075,0
ISL,2002,8802746.003431225,0
ISR,2002,232965623.55626342,9.86255926968319e-4
ITA,2002,1978281845.702947,0.008000607827989675
JAM,2002,20620507.098731138,2.8500062269212387e-4
JOR,2002,28222274.390878092,2.1310969710166793e-4
JPN,2002,3001501825.0575333,0.007433748130201968
KAZ,2002,61674496.07211923,2.056091924331532e-4
KEN,2002,21262421.71950435,7.806908293190161e-4
KGZ,2002,3454694.613561292,2.1751927970859655e-5
KHM,2002,13919597.297539765,1.4999418552973212e-4
KIR,2002,120076.111363463,0
KWT,2002,64820315.84641822,3.5168302575473573e-4
LBN,2002,30590306.538921446,0.0021416576418036067
LBR,2002,5718757.212969862,0
LBY,2002,39947257.17564531,0
LKA,2002,42684348.39517067,5.807132987439576e-4
LSO,2002,4281602.08365172,5.920223879154045e-6
LTU,2002,52115698.39977001,3.697424320599272e-4
LUX,2002,82476434.38991433,5.78385868505927e-4
LVA,2002,27151444.80824555,1.2732880114718354e-4
MAC,2002,11099094.545839937,0
MAR,2002,87476593.04222043,8.578932499566155e-4
MDA,2002,7574283.134981796,1.2965482544247283e-4
MDG,2002,5819893.760540074,3.8126843684541475e-4
MDV,2002,2754617.464951729,3.828894924093005e-6
MEX,2002,1456509764.2793372,0.0018610379001121617
MHL,2002,1003165.9156272794,0
MLI,2002,5713188.034146441,2.085288814260637e-4
MLT,2002,21652340.601336736,2.981029489239595e-4
MMR,2002,11175713.591695271,0
MNG,2002,2350461.93030642,0
MNP,2002,35162.64051836937,0
MOZ,2002,8623940.217200026,2.6762138328255484e-4
MRT,2002,3533222.057132149,3.572911482898847e-5
MSR,2002,13469.026619996404,0
MUS,2002,16754982.924604498,5.465908720217597e-4
MWI,2002,4875021.736391937,1.3084600291494506e-4
MYS,2002,668255203.7552233,0.003467056319611355
NAM,2002,9205304.839691788,2.825420352844635e-4
NCL,2002,5841606.488711559,1.9708448487506193e-4
NGA,2002,100328067.09371445,0.003554342548820478
NIC,2002,12236553.386749888,2.3790154825487628e-4
NIU,2002,23308.868059404984,0
NLD,2002,797503380.7356441,0
NOR,2002,352233168.3114582,0.0019359053270716453
NPL,2002,2567836.7481589923,0
NRU,2002,43984.00847486397,0
NZL,2002,120223956.57873173,0.002853392223939137
OMN,2002,51484163.20463053,2.613285243752805e-4
PAK,2002,38062198.19039495,0
PAN,2002,22717858.652528822,1.5344400812123128e-4
PCN,2002,13207.109504951975,0
PER,2002,60784164.642365165,6.755964689472764e-4
PHL,2002,321421371.1062094,0.002274069056144347
PNG,2002,11252666.876392076,1.9154341760721207e-4
POL,2002,400885564.08170325,0.001254627685499481
PRT,2002,288412530.94663966,0.003378485838501192
PRY,2002,16020939.255468499,5.012087334249359e-5
PYF,2002,697414.8231893976,0
QAT,2002,47876915.25378453,1.3767628645754908e-4
ROU,2002,60832255.099417984,0
RUS,2002,578176345.1792245,0.0026796649145532105
RWA,2002,1490239.5335599994,7.896848251673887e-5
SAU,2002,337729152.6141853,6.598557515893461e-4
SEN,2002,11956477.286015078,3.925002939522453e-4
SGP,2002,329767575.89565873,0
SHN,2002,89463.07304484758,0
SLB,2002,464044.2729590846,9.036583014672194e-6
SLE,2002,2101697.3928915365,0.003283873176984324
SLV,2002,39939556.524983004,1.690087343496545e-4
SMR,2002,163092.9846664751,0
SOM,2002,499927.00847633637,0
STP,2002,176272.60844033427,2.5200866895581123e-5
SUR,2002,3446042.6113079125,8.49254008427775e-5
SVK,2002,140741030.42986414,0.001248672189522345
SVN,2002,90155630.4330571,0.0018943343231493073
SWE,2002,622171067.8022491,0.0037423837032817078
SYC,2002,1466453.9981971618,0
SYR,2002,86972553.07190044,5.9099620257600114e-5
TCD,2002,311949.8400330238,0
TGO,2002,2848845.538819252,3.6882424101202644e-4
THA,2002,521576480.00521976,0.005960645986362483
TJK,2002,1735165.6340744642,0
TKL,2002,91297.8490274586,0
TKM,2002,9910715.353088131,0
TTO,2002,33017265.08438337,3.2003091765183214e-4
TUN,2002,72396097.11474352,7.784167289282965e-4
TUV,2002,1595926.0254989355,0
TZA,2002,10183441.450962143,0.0010586517174958345
UGA,2002,5917060.348559914,2.578004687649788e-4
UKR,2002,134816280.44297,0.001404699958217913
URY,2002,17392872.20948991,1.619819693846323e-4
USA,2002,7826374688.829513,0.011344587203672155
UZB,2002,8071510.089469586,0
VAT,2002,14098.88358406011,0
VEN,2002,99634347.14027993,0
VGB,2002,1676836.9223904626,0
VNM,2002,123242826.00348575,0.0018052665969629717
WSM,2002,191486.6076483502,0
YEM,2002,8471301.001940155,0
ZMB,2002,8702633.49968667,2.1702902856504013e-4
ZWE,2002,16001595.426484708,3.8658357628290624e-4
GRL,2002,1719200.8615580902,0
ZAF,2002,256796623.42741337,0.006767507043698139
NFK,2002,16104.494374216032,0
PLW,2002,130478.309,0
SPM,2002,22628.441256818183,0
TON,2002,104348.12553964501,0
UMI,2002,71089.67864680599,0
VUT,2002,216378.06606151603,0
ATA,2002,1302.933928409999,0
SGS,2002,4469.6365064149995,0
GNB,2002,348146.88429943065,0
ESH,2002,30956.486829153007,0
MYT,2002,151451.83666920738,0
MCO,2002,887.7090000000001,0
BHS,2002,7561379.2239999985,0
CPV,2002,1188643.2869999988,0
EGY,2002,45691066.73856095,0
SWZ,2002,4558083.4300000025,0
ETH,2002,6545492.711544353,0
GMB,2002,678195.2570493716,0
FSM,2002,28593.820000000003,0
MKD,2002,6761352.588519985,0
LCA,2002,1342164.821,0
VCT,2002,753425.873,0
SDN,2002,9301711.674938181,0
CHN,2012,13479835545.39847,0.009098128646865294
DEU,2012,10088439129.682571,0.005871233282886443
GBR,2012,4405356856.931572,0.005677829717311473
IND,2012,2812704341.8685923,0.005538558582357381
JPN,2012,6743067406.356896,0.004388561924354453
PAK,2012,286863169.430662,0.005103797909697739
ABW,2012,6439008.223293195,0
AFG,2012,6968092.7022417225,1.6179242022266962e-7
AGO,2012,404138978.7362441,4.95218924029864e-4
ALB,2012,26186794.705432724,1.6516363061243468e-4
AND,2012,1165290.6251617498,0
ARE,2012,1661401585.4682121,0.0027604705609643653
ARG,2012,622641841.7194808,8.416209382909297e-4
ARM,2012,20076733.61988307,1.4008880635096692e-4
ASM,2012,256574.22313522105,0
ATA,2012,29998.300506138712,0
ATG,2012,4188952.752901981,2.249347447961256e-4
AUS,2012,1908536764.6885877,0.004496146448046932
AUT,2012,1332087162.388361,0.003214683759018135
AZE,2012,143379070.63394567,1.9271870911464085e-4
BDI,2012,4992493.555308022,3.929791574216342e-5
BEL,2012,2600615699.6005106,0.00401228078516562
BEN,2012,14909080.36775433,1.968214626166322e-4
BFA,2012,21615287.023061667,7.464365736708635e-5
BGD,2012,261994073.93848452,0.0010104790470134293
BGR,2012,212467079.90101913,6.658948701207487e-4
BHR,2012,42965533.5476332,0
BIH,2012,54451182.76785866,3.7342662791851655e-4
BLR,2012,319384044.9448246,3.3318266962633426e-4
BLZ,2012,5105812.403908604,7.282444118811777e-5
BMU,2012,1174751.9043749743,0
BOL,2012,37154295.86868765,0
BRA,2012,1976099781.1300402,0.0030878515264377853
BRB,2012,10314715.460266376,3.3932044201908995e-4
BRN,2012,59280978.459026955,7.659072528549815e-5
BTN,2012,4898704.692891401,2.651421063995584e-6
BVT,2012,256450.84958985372,0
BWA,2012,65862935.551438145,5.8708034184660434e-5
CAF,2012,1626892.3105122347,2.55642974936631e-5
CAN,2012,3883332863.76328,0.00784779377445417
CCK,2012,31890.843963337647,0
CHE,2012,2239019266.962504,0.005643409531986013
CHL,2012,620690492.0767642,7.16305132034732e-4
CIV,2012,36975711.903343044,0
CMR,2012,46115573.02597711,6.691830281307023e-4
COK,2012,220415.76056643503,0
COL,2012,470134034.9842284,0.0011651294891281414
COM,2012,998768.8237549625,7.495988360338993e-5
CRI,2012,219259290.75069633,0.0013382574485479924
CUB,2012,8305110.4010617575,0
NLD,2012,2001782915.5370533,0
CXR,2012,166706.50449155355,0
CYM,2012,2012877.185420652,0
CYP,2012,48232783.338984974,3.371296396965202e-4
CZE,2012,1176148889.794019,0.0032897375634116962
DJI,2012,467795.5300118114,0
DMA,2012,1153319.9440856262,1.0352758541018716e-4
DNK,2012,771012285.3072215,0.0033887991885967785
DOM,2012,102961876.26639977,0.0014620299778429096
DZA,2012,462368395.99139774,2.2911915465120893e-4
ECU,2012,207170511.39552245,4.725790374823219e-4
ERI,2012,1823396.5118192353,0
ESH,2012,4967.646270588331,0
ESP,2012,2483596041.889863,0.004698383461333332
EST,2012,135500410.27616432,4.444407548814889e-4
FIN,2012,602913169.7923561,0.0017598262205560998
FJI,2012,11658525.504684664,2.982534906207517e-4
FLK,2012,847453.1389404084,0
FRA,2012,5126894281.041776,0.008920505517615848
GAB,2012,66537537.14600842,3.536496305350068e-4
GEO,2012,35875261.42171894,1.8549170900560523e-4
GHA,2012,95997401.99494103,6.718186082662364e-4
GIB,2012,1509845.0620176077,0
GIN,2012,7532846.520071357,0
GNB,2012,713003.2411646543,0
GNQ,2012,55442601.387537256,0
GRC,2012,332027158.8804112,7.245662619908093e-4
GRD,2012,1542786.5121208564,5.880042085762853e-5
GRL,2012,2802802.7881922247,0
GTM,2012,113990916.25903943,3.1368008646135743e-4
GUM,2012,311715.46613096946,0
GUY,2012,13622322.698597334,2.7472893941661835e-4
HND,2012,73687666.17224321,1.927660802708876e-4
HRV,2012,132047650.70296775,0.0017058276982726032
HTI,2012,4632090.424926277,0
HUN,2012,765111839.4715006,6.780257613679992e-4
IDN,2012,1476073120.8156643,0.0036052280183385336
IRL,2012,891122515.5210485,0.0029023123349220703
IRQ,2012,311713165.96202075,0
ISL,2012,16389576.79048134,0
ISR,2012,484850924.58565956,8.517881380037416e-4
ITA,2012,3960541321.3374166,0.004206972572701092
JAM,2012,32544181.53988272,1.5658182853246078e-4
JOR,2012,102802470.7002851,3.1172879996249246e-4
KAZ,2012,440461865.71809965,2.445173482661227e-4
KEN,2012,20654748.853472423,0
KGZ,2012,26497056.518626135,4.97415323086011e-5
KHM,2012,67229901.79999821,2.177595745885764e-4
KIR,2012,237683.97250147897,0
KWT,2012,324799752.8210535,0
LBN,2012,93752466.01692328,0.0013472690005049462
LBR,2012,5449531.581274544,0
LBY,2012,223631381.26221567,0
LKA,2012,113494946.19718602,0.0010913123712584939
LSO,2012,10236276.540498931,7.152426873208338e-6
LTU,2012,224295658.70188934,3.429605423596135e-4
LUX,2012,164785776.02375093,0.0014590258455079554
LVA,2012,109609474.2526974,2.0230401042642464e-4
MAC,2012,3122577.294087277,0
MAR,2012,283640628.0638541,7.719055969292862e-4
MDA,2012,27002738.429814517,1.654352680309212e-4
MDG,2012,16220190.090671008,3.9406157597800793e-4
MDV,2012,7247991.645939673,1.6100902210370925e-5
MEX,2012,3331962141.440826,0.0038959755880120634
MHL,2012,4187911.6592689105,0
MLI,2012,23745263.061363842,0.00015428518801416139
MLT,2012,52568829.91911518,2.702192839139737e-4
MMR,2012,66003188.9851334,1.4054684106084732e-4
MNG,2012,17514712.841004822,0
MNP,2012,10613.753666830287,0
MOZ,2012,43557665.12698665,3.892468245509284e-4
MRT,2012,24840998.20979773,1.8639683097975654e-4
MSR,2012,11675.578880688729,0
MUS,2012,33894537.19384753,8.239159160318318e-4
MWI,2012,16371769.504852654,1.3187082713418533e-4
MYS,2012,1785673174.952095,0.004037257383996667
MYT,2012,146254.94770545268,0
NAM,2012,48540364.532190315,2.0082244054466587e-4
NCL,2012,17420317.57646836,3.0180121894358183e-4
NGA,2012,551687544.3630114,0.001973673024442721
NIC,2012,45840318.94286464,2.1362028347616944e-4
NIU,2012,14073.524359426881,0
NOR,2012,856467338.1754687,0.0012522842817094823
NPL,2012,28021187.765876204,2.4348264263418333e-4
NRU,2012,232121.20474526912,0
NZL,2012,297103237.9877847,0.00323704558470084
OMN,2012,240938297.3720995,1.2087995493137053e-4
PAN,2012,125811813.04993632,1.5697214465847147e-4
PER,2012,416689064.3320803,0.0010361972640519628
PHL,2012,510105939.96890354,0.0011957593788480953
PNG,2012,63010110.19971831,1.8247862261159723e-4
POL,2012,1480260823.1374757,0.0035647339148372997
PRT,2012,549557570.658125,0.0014670305933078877
PRY,2012,77328556.06984103,1.1540991178890731e-4
PYF,2012,857840.0290206509,0
QAT,2012,454404826.93879277,2.197345019866079e-4
ROU,2012,224486810.76913786,0
RUS,2012,3142183366.8880897,0.0020566873822487064
RWA,2012,7772363.469879881,1.0330836899077284e-4
SAU,2012,1840662233.826639,0.001247540654544945
SEN,2012,37104796.17381748,5.428390610674024e-4
SGP,2012,923933600.2091174,0
SHN,2012,79732.96573970332,0
SLB,2012,4339383.764799021,1.847956888358117e-5
SLE,2012,3595033.267095585,0
SLV,2012,66835563.49288457,3.4035347819875647e-4
SMR,2012,493908.5471985124,0
SOM,2012,1839550.5058622041,0
SPM,2012,29699.991851768646,0
STP,2012,631873.5466453264,7.038049990021388e-6
SDN,2012,22199865.804397546,0
SUR,2012,16916414.998920992,6.933258457636901e-5
SVK,2012,559158032.2893368,0.001553124579374502
SVN,2012,223457762.05878365,0.002109725865781761
SWE,2012,1377598354.2826881,0.002889969746837206
SYC,2012,1870323.030630767,0
SYR,2012,8794499.53903674,0
TCD,2012,12772342.585116528,0
TGO,2012,16715418.675102836,1.4065728111127494e-4
THA,2012,1912818959.5257912,0.005574369765801315
TJK,2012,2686994.692836339,0
TKL,2012,194132.63681397165,0
TKM,2012,42294201.13840999,0
TON,2012,39124.52497060017,0
TTO,2012,131089413.82327364,4.56997967344592e-4
TUN,2012,170525334.3528451,7.368722601438344e-4
TUV,2012,101520.84013592821,0
TZA,2012,65592446.279073834,7.853026925304419e-4
UGA,2012,29894333.79888621,5.983567587810027e-4
UKR,2012,624918356.3332428,0.001188192556191401
UMI,2012,94797.95350922295,0
URY,2012,88999878.38660368,2.780197763653593e-4
USA,2012,15628472715.019077,0.007983686877278783
UZB,2012,22221810.253329836,0
VAT,2012,27360.573290668926,0
VEN,2012,323893091.23969775,0
VGB,2012,5854816.776861942,0
VNM,2012,902083451.5957212,0.0010870379694748965
VUT,2012,1363734.419465669,0
WSM,2012,213261.9865920147,0
YEM,2012,71679919.56449784,1.2267920876738562e-4
ZMB,2012,62087288.85132169,2.53216191761818e-4
ZWE,2012,40281083.30782872,0.00020033221660302028
MNE,2012,2045671.8173296016,0
ZAF,2012,906029145.5420955,0.005196971127598418
PCN,2012,5844.605482819353,0
SGS,2012,18521.015948238066,0
NFK,2012,16764.731103615984,0
SSD,2012,2584880.703,0
PLW,2012,98644.37002683469,0
BES,2012,138.897,0
HMD,2012,1222719.5950429002,0
BHS,2012,15018577.364000004,0
CPV,2012,3199553.2549999994,0
COG,2012,34754320.658999965,0
EGY,2012,276673652.97999924,0
SWZ,2012,8041726.42299377,0
ETH,2012,51131219.43174849,0
GMB,2012,1507687.0143460478,0
LAO,2012,11215976.416,0
FSM,2012,757147.3360000007,0
MKD,2012,24447306.124000046,0
PSE,2012,18407068.562000055,0
LCA,2012,2666687.8720000032,0
VCT,2012,1669410.3820000023,0
ABW,2022,202564.38442493218,0
AFG,2022,6569470.868926206,0
AGO,2022,256358877.97968233,4.3690728089056466e-4
ALB,2022,33114148.480326246,8.056356918493575e-5
AND,2022,544996.507249288,0
ARE,2022,2459861632.5439982,0.004355783101355472
ARG,2022,707895698.4743793,4.96643139887675e-4
ARM,2022,45125410.21742916,1.853617940255788e-4
ASM,2022,64022.09350370857,0
ATA,2022,39056.96877111051,0
ATG,2022,3642615.220514352,1.6726724435651527e-4
AUS,2022,2652216742.633944,0.0029088570284829373
AUT,2022,1770750868.2433755,0.0031359270748501267
AZE,2022,202282573.78624314,1.9646653827814212e-4
BDI,2022,5668341.447043954,4.601454495435842e-5
BEL,2022,3701913726.546551,0.0036758927339691425
BEN,2022,20732290.291130427,1.0024987129327246e-4
BFA,2022,36558620.783220634,1.0719433468696302e-4
BGD,2022,304860218.2262036,0
BGR,2022,376807037.977414,5.202870465967032e-4
BHR,2022,74972258.08888718,0
BIH,2022,87826355.84561105,5.58678650453082e-4
BLM,2022,1484852.0309926192,0
BLR,2022,46548209.32782708,0
BLZ,2022,7173425.438009568,6.872219274845099e-5
BMU,2022,320959.36612211354,0
BOL,2022,51247688.15558166,0
BRA,2022,2636483968.1391077,0.002109720910423162
BRB,2022,10164448.94324219,1.9033916728000398e-4
BRN,2022,88804602.61738378,2.513476738256322e-4
BTN,2022,1573693.1836606597,0
BWA,2022,60046179.637791514,1.129104215112131e-4
CAF,2022,3352115.8285880983,1.7125736903594575e-5
CAN,2022,4977635199.669777,0.005738999212731746
CCK,2022,15324.005339123773,0
CHE,2022,2910123549.786435,0.002373559180157837
CHL,2022,842634510.9725955,6.069472378688313e-4
CHN,2022,21894542576.052746,0.0034984869194647173
CIV,2022,52126148.46290002,0
CMR,2022,54796146.909768276,4.8784054896573503e-4
COK,2022,118207.56640027484,0
COL,2022,565923123.5275915,9.721370964300192e-4
COM,2022,191349.44363290918,0
CRI,2022,177499380.61096314,0.0010451966369150738
CUB,2022,32225822.657551546,8.131361221828032e-5
NLD,2022,2564754617.7578683,0
CXR,2022,66977.62551530267,0
CYM,2022,2983845.6865043915,0
CYP,2022,62928050.60316179,5.819109116946786e-4
CZE,2022,1880701314.9160042,0.0036945658869408063
DEU,2022,12489957563.841438,0.0052530023178406745
DJI,2022,22007194.646526054,4.087625786129546e-5
DMA,2022,1210647.0599572097,9.352288471053116e-5
DNK,2022,955529615.7367119,0.0024193755282501867
DOM,2022,174539812.20832083,8.485425711351024e-4
DZA,2022,228101613.57154223,0
ECU,2022,268780474.1457914,6.48481354285689e-4
ERI,2022,2822796.0500094118,0
ESP,2022,3602593596.1613564,0.00498839334358662
EST,2022,186926361.0928777,7.267482494575313e-4
FIN,2022,736083783.5850688,0.0014791070022699198
FJI,2022,15194793.910210865,1.412636235793401e-4
FLK,2022,1609651.9769082163,0
FRA,2022,5963187694.175606,0.006101916311575133
GAB,2022,49704240.40391329,2.70628949931903e-4
GBR,2022,4928520432.8619795,0.004704372943859416
GEO,2022,60508855.185231544,1.5347235219616067e-4
GHA,2022,144167269.72062904,0.0010659906487947295
GIB,2022,1355293.240903723,0
GIN,2022,39308502.85111309,0
GNQ,2022,28144213.334398367,0
GRC,2022,556006516.3034525,0.0010239834991953168
GRD,2022,2412662.050875383,3.773268408904243e-5
GRL,2022,5628965.939234113,0
GTM,2022,198583229.65556082,5.799746224094749e-4
GUM,2022,35615.98197070107,0
GUY,2022,52210372.440407544,1.85542341934744e-4
HND,2022,55860161.601083614,0
HRV,2022,264810249.85212174,3.7773183930372994e-4
HTI,2022,6309633.066426011,0
HUN,2022,1221438676.5113678,9.067911442278538e-4
IDN,2022,2171409397.341178,0.0024480711599768625
IND,2022,4556698809.414129,0.0028528490746947627
IRL,2022,1781226752.1018484,0.0042618316212585765
IRQ,2022,460075195.8669578,0
ISL,2022,20653933.319306187,0
ISR,2022,684876847.9875392,5.931039410433915e-4
ITA,2022,5405020929.48821,0.0026337601306627486
JAM,2022,34770875.7615611,1.808934169140726e-4
JOR,2022,160178832.92437774,2.1031267360880127e-4
JPN,2022,6720803613.718363,0.0022694268780347566
KAZ,2022,389337477.88689995,1.844078962466855e-4
KEN,2022,114475462.37782441,9.163392003463792e-4
KGZ,2022,45349622.794855356,4.1691230233934895e-5
KHM,2022,277657805.2558624,1.563566655132924e-4
KIR,2022,500319.9151155295,0
KWT,2022,467544942.293391,7.404288898217227e-4
LBN,2022,81994913.69388129,8.208365420409974e-4
LBR,2022,15719732.342455309,3.8439700117638515e-5
LBY,2022,147493400.68168792,0
LKA,2022,133929913.09736659,7.100624109725791e-4
LSO,2022,13091203.176152075,1.367771847595506e-5
LTU,2022,385670447.0400597,6.029062260051042e-4
LUX,2022,175639452.85051432,0.001300459104396071
LVA,2022,193133258.67579138,3.668543112637719e-4
MAC,2022,2549467.0043365886,0
MAR,2022,485323480.17983943,8.952576958866881e-4
MDA,2022,47404710.07664017,2.540750283077573e-4
MDG,2022,41365152.04951358,2.3704835797044589e-4
MDV,2022,18378538.380361315,1.6483052172014412e-4
MEX,2022,5135895364.672355,5.904626507002211e-4
MHL,2022,5263223.9350567805,0
MLI,2022,22922877.610573735,0
MLT,2022,56368315.602989174,3.535286340374304e-4
MMR,2022,189805002.75553626,9.918792411826161e-5
MNG,2022,78122721.70329545,5.4208372390645535e-5
MNP,2022,5362.086817263265,0
MNE,2022,6163148.274026787,0
MOZ,2022,81723654.03996427,5.784959229960994e-4
MRT,2022,35525800.05263881,6.477820402931694e-5
MSR,2022,29929.426694577298,0
MUS,2022,38677964.0049303,4.171476687294478e-4
MWI,2022,10416703.413410854,8.574707994451645e-5
MYS,2022,2658453131.704238,0.0016683816083975127
NAM,2022,46749535.37366556,4.7171888889570394e-4
NCL,2022,10125009.124529215,0
NGA,2022,491150472.15445966,0.001305879961225683
NFK,2022,7981.925450666101,0
NIC,2022,88181312.12863192,1.7776260839356923e-4
NIU,2022,19446.58651582293,0
NOR,2022,1172153798.5424705,0.0011137517970025482
NPL,2022,63654781.079907164,2.4328398447210449e-4
NRU,2022,795689.7023892058,0
NZL,2022,404484406.1834023,0.002303057320260085
OMN,2022,478707422.77686065,2.770011494790933e-4
PAK,2022,440259992.82465017,0.0016803071755963428
PAN,2022,74589966.21838926,8.639288974219424e-5
PCN,2022,19323.827264312906,0
PER,2022,512520580.13764626,7.40699877274574e-4
PHL,2022,960408274.2020761,0.0014413578621552518
PLW,2022,34360.18875957442,0
PNG,2022,50143351.43529095,0
POL,2022,2847772314.3729577,0.003952694974366823
PRT,2022,829584232.2997066,0.002106760723835982
PRY,2022,108216476.38540527,1.8482956258229863e-4
PYF,2022,584759.6341320829,0
QAT,2022,566185979.6111661,9.308826931161061e-5
ROU,2022,404742863.0152495,0
RUS,2022,1867703052.1545534,0
RWA,2022,23750727.414876897,2.3018655922691668e-4
SAU,2022,2091787496.9457994,0.0016487229158132972
SEN,2022,66115376.69225967,4.3694312058881565e-4
SGP,2022,1088506768.230927,0
SGS,2022,13756.298786694399,0
SHN,2022,117701.00443641064,0
SLB,2022,2051007.6184486689,0
SLE,2022,5084315.208840625,0
SLV,2022,101138437.73732042,3.3537147002174705e-4
SMR,2022,915031.8189777926,0
SOM,2022,2588316.918174723,0
SPM,2022,33154.09905352255,0
SSD,2022,1961563.3002404007,0
STP,2022,881239.7429709625,1.222768468767937e-5
SDN,2022,20031947.25763796,0
SUR,2022,15900782.293737661,4.683616032872761e-5
SVK,2022,868603391.06566,0.0023559763084065382
SVN,2022,481730078.07694405,0.002173447264778358
SWE,2022,1630969492.7333357,0.003112400269159718
SYC,2022,2573106.649604615,0
SYR,2022,3175097.7646475835,0
TCD,2022,14004939.246009832,0
TGO,2022,26173914.303051848,1.1699028499179174e-4
THA,2022,2561535362.0016303,0.0036319264671418184
TJK,2022,26941841.843772355,6.4217210286597975e-6
TKL,2022,1625435.1649618265,0
TKM,2022,53047346.43311911,0
TON,2022,47356.160787015644,0
TTO,2022,105702213.40818822,4.5042413094127095e-4
TUN,2022,189032950.89914024,4.724025343693418e-4
TUV,2022,328923.99791131995,0
TZA,2022,98505088.95890848,4.1702998416381915e-4
UGA,2022,53254114.58527381,3.818669161925318e-4
UKR,2022,396012333.4438949,0.0013888794685559397
UMI,2022,46966.928258850035,0
URY,2022,111122809.73262078,3.0144809482513543e-4
USA,2022,21660253887.436028,0.004901762648905781
UZB,2022,147564518.15726158,1.7724505066056442e-4
VAT,2022,35306.66283502783,0
VEN,2022,16220309.44535476,0
VGB,2022,976514.0093655132,0
VNM,2022,3052597026.2662168,1.850008427727148e-4
VUT,2022,839217.809560593,0
WSM,2022,230251.4418627499,0
YEM,2022,7750796.634047943,0
ZMB,2022,78042710.2128424,3.957986734329035e-4
ZWE,2022,55839327.54385647,1.2136418323266922e-4
ZAF,2022,1062461283.150152,0.003591210304203978
GNB,2022,863739.9182147746,0
BVT,2022,5387.557951303189,0
ESH,2022,1872.9609687634581,0
BES,2022,32507.65145356221,0
HMD,2022,9418.637816606974,0
BHS,2022,15452533.725000005,0
CPV,2022,7045939.551193005,0
COG,2022,16115114.245679945,0
EGY,2022,387294562.85293156,0
SWZ,2022,9199537.348120004,0
ETH,2022,67818237.15336391,0
GMB,2022,3679607.3732680078,0
LAO,2022,32577678.535382025,0
MKD,2022,47818174.199719846,0
PSE,2022,32893239.386133004,0
VCT,2022,1810123.4947789959,0
